Day,Task,Category,Description,ETA (Hours),Priority,Dependencies
Day 1,Setup Development Environment,Infrastructure,Configure Docker containers and watsonx credentials,2,High,None
Day 1,Database Initialization,Infrastructure,Initialize PostgreSQL and load schema,1,High,Setup Environment
Day 1,SR 11-7 Framework Review,Compliance,Review regulatory guidelines and requirements,2,High,None
Day 1,Validation Test Suite Setup,Validation,Configure KS/Gini/PSI/CSI statistical tests,3,High,Database Init
Day 2,Application Scorecard Validation,Validation,Implement validation logic for application scorecards,4,High,Test Suite Setup
Day 2,Behavioral Scorecard Validation,Validation,Implement validation logic for behavioral scorecards,4,High,Test Suite Setup
Day 3,Collections Model Validation,Validation,Implement early/late stage collections validation,4,High,Scorecard Validation
Day 3,Performance Metrics Implementation,Validation,Add Accuracy/Precision/Recall/F1 metrics,3,High,Collections Validation
Day 3,Stability Analysis Module,Validation,Implement stability and drift detection,1,Medium,Performance Metrics
Day 4,Model Lifecycle Management,MLOps,Integrate watsonx.governance for model tracking,4,High,Validation Complete
Day 4,Compliance Documentation Generator,Compliance,Auto-generate SR 11-7 compliant reports,3,High,Model Lifecycle
Day 4,Audit Trail Implementation,Compliance,Implement comprehensive audit logging,1,Medium,Documentation Generator
Day 5,Workflow Automation Setup,Orchestration,Configure watsonx Orchestrate workflows,3,High,Audit Trail
Day 5,Approval Workflow Implementation,Orchestration,Build validation approval workflows,2,High,Workflow Setup
Day 5,Model Card Generation,Compliance,Implement automated model card creation,2,Medium,Approval Workflow
Day 5,Risk Assessment Module,Compliance,Add risk scoring and assessment features,1,Medium,Model Cards
Day 6,Monitoring Dashboard,Monitoring,Build real-time monitoring with drift alerts,3,High,Risk Assessment
Day 6,RAG Documentation Assistant,AI Features,Integrate watsonx.ai RAG system,3,Medium,Monitoring Dashboard
Day 6,RBAC Security Implementation,Security,Configure role-based access control,2,High,RAG Assistant
Day 7,Integration Testing,Testing,End-to-end validation workflow testing,3,High,All Features
Day 7,Compliance Report Testing,Testing,Verify SR 11-7 compliance documentation,2,High,Integration Testing
Day 7,Performance Optimization,Optimization,Optimize API response times and queries,2,Medium,Testing Complete
Day 7,Documentation & Handoff,Documentation,Complete user guides and deployment docs,1,Medium,All Complete